nom,x,y
Abbeville,1.832112275065502,50.108444233056261
Agen,0.625833024215888,44.202867230464719
Aigle,6.968252000000000,46.317425999999998
Aigurande,1.840068291396962,46.455746639249433
Aime,6.651720000000000,45.557048000000002
Aix en Provence,5.448241000000000,43.528708999999999
Aix-les-Bains,5.904855439001474,45.697251632092765
Ajaccio,8.700715575393874,41.934715039642583
Albertville,6.404322929811468,45.668289582256946
Albi,2.147340315409350,43.926088185596946
Alençon,0.091615446813352,48.431560904666661
Alès,4.088567920548188,44.125128470002458
Alfortville,2.421376725038044,48.796246729959798
Altkirch,7.244589933257116,47.621046397603791
Amiens,2.289693787702470,49.900399151360965
Amsterdam,4.892957000000000,52.374484000000002
Ancenis,-1.180040000000000,47.365135000000002
Andorre-la-Vieille,1.522318000000000,42.506784000000003
Angers,-0.556229922681389,47.476629294466790
Angoulême,0.145169288787067,45.647376143540335
Annecy,6.118092523273484,45.901669068910081
Annecy - Semnoz,6.103260000000000,45.807198000000000
Annemasse,6.243488852475646,46.191081242842507
Annonay Davézieux,4.669680000000000,45.240938999999997
Antibes,7.105548111275768,43.587658565466612
Anvers,4.408169000000000,51.221648000000002
Aoste,5.613221350034126,45.597849391157240
Arbois,5.773035197444192,46.894474226832401
Arc-et-Senans,5.769738895144376,47.035510536983047
Arcachon,-1.174170998606388,44.653851101072142
Arenberg Porte du Hainaut,3.424598000000000,50.379519000000002
Argelès,3.028764000000000,42.546489000000001
Argentan,-0.013526764135425,48.732484902195019
Arlon,5.815163000000000,49.683509000000001
Armentieres,2.880082000000000,50.687699000000002
Arpajon,2.243938271442523,48.590324664106795
Arpajon-sur-Cère,2.464436623803367,44.876120062926866
Arras,2.766068944799402,50.289999389647974
Aubagne,5.563185000763974,43.293652545540837
Aubenas,4.395921724645122,44.610213362985498
Auch,0.574878019682680,43.653279345096699
Aulnay-sous-Bois,2.493442450827313,48.945860966017861
Auray,-2.990595536910957,47.667468910843525
Aurillac,2.441617407786459,44.924481774857853
Autrans,5.543210000000000,45.176181999999997
Autun,4.310557392212158,46.945936212604259
Auxerre,3.581706761804411,47.793832908308715
Avesnes-sur-Helpe,3.927062163819384,50.124358148903035
Avignon,4.840921049634870,43.935548205716564
Avoriaz,6.771758000000000,46.193587999999998
Avranches,-1.345449690363216,48.675665551153799
Ax-les-Thermes,1.819300789097293,42.687315023063306
Bagnères-de-Bigorre,0.132923238397760,42.974825285115877
Bagnoles-de-l'Orne,-0.423791000000000,48.551563999999999
Bâle,7.588011000000000,47.557679999999998
Ballon d'Alsace,6.849147000000000,47.803004999999999
Bar-Le-Duc,5.165114000000000,48.771754000000001
Barcelone,2.173236000000000,41.382368999999997
Barcelonnette,6.651535979719450,44.379787981189253
Bastia,9.425185445283502,42.686418461756332
Bastogne,5.712639000000000,50.002426999999997
Bayonne,-1.465980270072185,43.492327921217807
Bazas,-0.212769611232274,44.442249427078494
Beaulieu,3.286647769740711,45.443478503615616
Beauraing,4.957432000000000,50.115707999999998
Beauvais,2.086335259412948,49.436196189053824
Belfort,6.845252944248710,47.646980150832789
Bellegarde-sur-Valserine,5.824347000000000,46.109335000000002
Bergerac,0.486529907328868,44.854310222387461
Beringen,5.220654000000000,51.050434000000003
Berlin,13.387587999999999,52.513646999999999
Berne,7.454178000000000,46.952807000000000
Besançon,6.019336936784384,47.255204289678254
Besse,6.208996950770024,45.104756433829223
Béthune,2.643030428290995,50.529027693361151
Béziers,3.230793391079287,43.347450186926579
Biarritz,-1.552150757647673,43.469310143538785
Binche,4.166353000000000,50.413227999999997
Blagnac,1.379852211895655,43.641588677848937
Blain,-1.767623908975807,47.463252679710472
Blaye-les-Mines,2.142903025316058,44.032989913886603
Blois,1.306086052807158,47.581542836820951
Bobigny,2.439834834573579,48.907437479613122
Bondy,2.484115454566412,48.902247663045664
Bonneval,3.732738805418709,45.307004691748659
Bonneval-sur-Arc,7.091752535773998,45.385929480682265
Bordeaux,-0.573444148760975,44.857536076223511
Bornem,4.236367000000002,51.097320000000003
Boulogne-sur-Mer,1.606111023048738,50.726766720424223
Bourg Saint Maurice,6.771660000000000,45.614044999999997
Bourg-d'Oisans,6.031400000000000,45.056292999999997
Bourg-de-Péage,5.050575484183918,45.017230842077865
Bourg-en-Bresse,5.245472710374172,46.204924490231342
Bourg-lès-Valence,4.894042628063754,44.965122811917070
Bourg-Madame,1.960575194293878,42.438334223231188
Bourg-Saint-Andéol,4.613970243481584,44.382909130110157
Bourges,2.404577224087494,47.074948221402821
Bourgoin-Jallieu,5.273848968566652,45.602453467248097
Brest,-4.501938464641312,48.400154392964552
Brétigny-sur-Orge,2.302430307141612,48.602448432256665
Briançon,6.649128857383438,44.899488074904006
Brighton,-0.145721000000000,50.826861000000001
Brignoles,6.077215669875688,43.399381146007109
Brioude,3.385767464042903,45.296144957585042
Brive-la-Gaillarde,1.519117921862867,45.143470730204797
Bron,4.911940105106212,45.734672507818892
Bruxelles,4.358459000000000,50.843853000000003
Caen,-0.369908736803152,49.184972493878902
Cagnes-sur-Mer,7.152419190534664,43.672168998469637
Cahors,1.440553339208509,44.450845511022607
Calais,1.875494019326581,50.950805677285310
Calvi,8.759990867775844,42.545009603216421
Cambo-les-Bains,-1.386076347205873,43.361929472490679
Cambrai,3.242233469060893,50.170515215949862
Cambridge,0.129300000000000,52.204484999999998
Cancale,-1.865010996419084,48.683786081550402
Canet-Plage,3.032756000000000,42.692337999999999
Cannes,7.004858437495528,43.552108876873810
Canterbury,1.068117000000000,51.282031000000003
Cap d'Agde,3.512470000000000,43.285961999999998
Cap Découverte,2.142713000000000,44.019849999999998
Cap Fréhel,-2.317531000000000,48.682741999999998
Captieux,-0.284223998768595,44.253821634713780
Carcassonne,2.343279505295237,43.209401480340709
Carhaix,-3.576052000000000,48.281537999999998
Carmaux,2.166522434037016,44.056287793560337
Carnon,3.974916000000000,43.546075999999999
Carpentras,5.061424274233580,44.059385468161182
Castelnau-Magnoac,0.515927507433242,43.295351894214448
Castelnaudary,1.960654324305630,43.323113324715280
Castelsarrasin,1.123959456144154,44.048733503408613
Castillon-la-Bataille,-0.027862099807724,44.862528242088715
Castres,3.253342810192359,49.800733823554680
Cauterets,-0.126758046159108,42.852132821909152
Cazères-sur-Garonne,1.085463000000000,43.205917999999997
Céret,2.752629922151201,42.474071702350429
Cergy-Pontoise,2.086741000000000,49.051535000000001
Cérilly,3.626074519775337,48.177628299148999
Chablis,3.790602254318491,47.807831998671368
Challans,-1.839817466282344,46.835590777616517
Chalon-sur-Saône,4.852424603735714,46.789930937891455
Chalons-sur-Marne,4.360858000000001,48.959336999999998
Chambéry,5.908847914953834,45.583576921738739
Chambord,0.620311439890065,48.882206373259194
Chamonix,6.869404000000000,45.924978000000003
Champagnole,5.898168780191856,46.744971358496578
Chamrousse,5.894629038282806,45.119221337540083
Changé,0.297091819514035,47.978872836995642
Chantilly,2.481202845020935,49.176368687084555
Chantonnay,-1.044123825190034,46.669165499512559
Charleroi,4.449595000000002,50.409019000000001
Charleville-Mézières,4.717032691865256,49.775020548937995
Chartres,1.505693069945587,48.447105859775618
Chassieu,4.962262563152566,45.738136555681784
Château-Thierry,3.381400086068691,49.056452287272677
Châteaubriant,-1.386808393277842,47.722166245261711
Chateaulin,-4.088964000000000,48.198307999999997
Châteauroux,1.693661200705122,46.803200356213289
Châtel,6.816904949346370,46.248867677221192
Châtel-Guyon,3.062515983351194,45.920713184583896
Châtelaillon-Plage,-1.083060056206524,46.072217885816912
Châtellerault,0.552754604680870,46.815582739137085
Chatou,2.153563451078689,48.896384962482877
Chaumeil,1.880229337653680,45.455046665426785
Chaumont,3.100612092850527,48.309962415858969
Chauvigny,0.678360788246532,46.554403384282473
Cherbourg-en-Cotentin,-1.620718755180745,49.632548942250303
Cholet,-0.877522687051320,47.045634383753203
Chorges,6.287980605539258,44.545735162267825
Ciney,5.099073000000000,50.298256000000002
Clermont-Ferrand,3.115409278690181,45.785929560848899
Cluses,6.579648626848208,46.063189417736758
Coblence,7.585277000000000,50.355525999999998
Cognac,-0.335265918690398,45.696379650965383
Col d'Aubisque,-0.339912000000000,42.976720999999998
Col du Granon,6.610785000000000,44.962836000000003
Col du Tourmalet,0.175202000000000,42.910994000000002
Colmar,7.384886852470296,48.109945744040559
Cologne,0.975153545074998,43.717475926262942
Colomiers,1.326977899029293,43.611725858140943
Commercy,5.556085342539260,48.746231222992698
Compiègne,2.852841597923579,49.399281327447419
Concarneau,-3.907154358191870,47.896524417053548
Copenhague,12.527556000000001,55.691927999999997
Corbeil-Essonnes,2.469450516150406,48.603935763386048
Cork,-8.462792000000000,51.893866000000003
Corrèze,1.870581508187698,45.365234921423323
Courchevel,6.639531611064848,45.395502267745606
Crans-Montana,7.468142000000000,46.307302000000000
Créteil,2.454739511477720,48.783798460492733
Cugnaux,1.343144592794849,43.544878689834867
Culoz,5.783910976398802,45.856248806925400
Cuneo,7.548225000000000,44.389862999999998
Damazan,0.275262075690094,44.289159851939203
Dax,-1.059660702824735,43.700968801719149
Deauville,0.075159880386045,49.355056289432603
Dieppe,1.087006751625941,49.922028853587463
Digne-les-Bains,6.235719522612378,44.090775591575010
Dijon,5.037525259179914,47.322851647880277
Dinan,-2.051310836181174,48.446133381011791
Dinant,4.913182000000000,50.263170000000002
Dinard,-2.061913991699314,48.624863329622272
Disneyland-Paris,2.780352000000000,48.869183999999997
Divonne,6.139764000000000,46.358750000000001
Dole,5.500968896490480,47.075540025259826
Domaine du Rouret,4.275888000000000,44.380845000000001
Douai,3.090843867981934,50.381773807684127
Douvres,5.371971144534402,45.984317838735656
Draguignan,6.454496958248872,43.535986496544808
Dreux,1.359474774194108,48.748668822492121
Dublin,-6.268257000000000,53.338819000000001
Dunkerque,2.336956125473284,51.030268830866014
Düsseldorf,6.777943000000000,51.226756999999999
Embrun,6.475459144543786,44.580758826678583
Enniscothy,-6.566564000000000,52.503056999999998
Épernay,3.931693294284204,49.036990408668643
Epinal,6.451316000000000,48.179181999999997
Epinay-sous-Sénart,2.508821000000000,48.689576000000002
Escaldes-Engordany,1.541684000000000,42.510567000000002
Esch-sur-Alzette,5.969557000000000,49.498592000000002
Espelette,-1.452828446162682,43.323701997657977
Etampes,2.160167000000000,48.438155000000002
Eurotunnel,1.807108000000000,50.914920000000002
Evian-les-Bains,6.590086000000000,46.399411000000001
Evreux,1.168014000000000,49.025013999999999
Evry,2.423231000000000,48.623809999999999
Eymet,0.394296817091855,44.673618456726821
Fecamp,0.368754000000000,49.756306000000002
Feldsberg,8.036621999999999,47.857905000000002
Figeac,2.025446517964570,44.605264902849072
Finhaut-Emosson,6.978073000000000,46.083798000000002
Flers,2.254027139245841,50.321001307596539
Fleurance,0.642162757300151,43.840189350216605
Foix,1.610358886244365,42.965311720760845
Font Romeu,2.040436000000000,42.496721999999998
Fontaine,6.998535065351964,47.659336199617385
Fontaine-au-Pire,3.366526535503321,50.127827539437867
Fontainebleau,2.680899557672957,48.406536895806035
Fontenay-le-Comte,-0.793168844164588,46.456387382923339
Fontenay-sous-Bois,2.473993831495409,48.851205203045879
Forest,4.310777000000000,50.814225000000000
Forges-les-Eaux,1.561790038250701,49.608767102074545
Fougères,-1.194393446952550,48.352746908328427
Francfort,8.669893999999999,50.114400000000003
Fribourg,6.871660241962736,48.769976363872104
Fribourg-en-Brisgau,7.834132000000000,48.002338000000002
Fromentine,-2.136488000000000,46.889980999999999
Frontignan-La-Peyrade,3.752553000000000,43.448754999999998
Futuroscope,0.366708000000000,46.668768000000000
Gaillac,1.886235167102628,43.916640173288030
Gaillard,6.207107391060286,46.182052515581915
Gand,3.728323000000000,51.054946999999999
Gap,6.064794887478760,44.580400064313274
Genève,6.138063000000000,46.200854999999997
Gérardmer,6.859298750538936,48.065129111859157
Gérone,2.814523000000000,41.976101000000000
Gex,6.046190929290046,46.347454525345931
Givors,4.757886400971624,45.581313809225328
Gourette,-0.334690000000000,42.959128999999997
Grand Colombier,5.760853000000000,45.902391000000001
Granville,-1.590685476628865,48.836778463468555
Grenoble,5.721081162038936,45.182277471963843
Guéret,1.870935888676010,46.162664564669015
Gueugnon,4.049169447453572,46.593826006991151
Guzet-Neige,1.300018000000000,42.780946999999998
Harelbeke,3.312330000000000,50.85729332522606
Harrogate,-1.540504000000000,53.994827000000001
Hasselt,5.336914000000000,50.931832999999997
Hautacam,-0.003579000000000,42.972109000000003
Hendaye,-1.765762190328224,43.365030650898952
Herenthals,4.836668000000000,51.176566999999999
Houilles,2.187223405276567,48.926563745917043
Huy,5.233781000000000,50.523313000000002
Hyères,6.189741846541930,43.101711030551606
Ile d'Oléron,-1.294983000000000,45.925362000000000
Île de Ré Saint-Martin-de-Ré,-1.402915000000000,46.191572000000001
Isola 2000,7.158340000000000,44.188935999999998
Issoire,3.244751130006170,45.545516737103654
Issoudun,1.999901378518938,46.948639932557143
Ivrea,7.874213000000000,45.467753000000002
Izoard,6.731333000000000,44.824254000000003
Jaca,-0.542254000000000,42.570591000000000
Jambes,4.859993000000000,50.470055000000002
Jaunay-Clan,0.370288000000000,46.684894999999997
Jausiers,6.786637047102596,44.387774479946003
Joigny,3.410156897182483,48.009017813710855
Joinville,5.122428940548136,48.433355071300738
Jonzac,-0.427201868906189,45.441904666757623
Karlsruhe,8.395306000000000,49.001806999999999
L'Alpe d'Huez,6.070212000000000,45.091093999999998
L'Alpe-d'Huez,6.070212000000000,45.091093999999998
L'Isle d'Abeau,5.228156000000000,45.620052999999999
L'Isle-Jourdain,1.081329744642508,43.614431911747566
La Bastide d'Armagnac,-0.188723000000000,43.970869999999998
La Baule,-2.399277000000000,47.283397000000001
La Bourboule,2.749759424941351,45.579501137327931
La Caverne du Pont-d'Arc,4.432829000000000,44.407316999999999
La Châtaigneraie,-0.740065007056703,46.642057448630794
La Châtre,1.990972535560004,46.574230833095264
La Chaux-de-Fonds,6.831870000000000,47.104035000000003
La Ferté-sous-Jouarre,3.128426851519702,48.953957495505577
La Grande-Motte,4.077542833081947,43.567861683513762
La Guerche,0.725489009184245,46.894111352458637
La Haye Fouassière,-1.401774000000000,47.155326000000002
La Mongie,0.181486000000000,42.910434000000002
La Mure,5.787728968899336,44.909338179105717
La Pierre-Saint-Martin,-0.744744000000000,42.977536999999998
La Plagne,6.675479000000000,45.506300000000003
La Planche des Belles Filles,6.777117000000000,47.771489000000003
La Roche-sur-Foron,6.300195152584448,46.043960591385321
La Roche-sur-Yon,-1.407868435800918,46.667641133626852
La Rochelle,-1.151369,46.158902
La Rosière Espace San Bernardo,6.848705000000000,45.627958999999997
La Ruchère,5.796764000000000,45.409106999999999
La Tour du Pin,5.442918000000000,45.566913999999997
La Toussuire,6.262475000000000,45.255626999999997
Lac de Madine,5.735876000000000,48.919324000000003
Lac de Payolle,0.296026000000000,42.936512000000000
Lac de Vassivière,1.855371000000000,45.800792000000001
Lac Saint Point - Malbuisson,6.336895000000000,46.842976999999998
Lacanau,-1.107914124681601,44.983546969889865
Lacapelle-Marival,1.936722285373345,44.725421220010226
Laissac-Sévérac l'Église,2.831638575546432,44.362400345227961
Lamballe,-2.514131000000000,48.469189999999998
Landerneau,-4.264218916806911,48.451121818723870
Lanester,-3.327755529511599,47.768898050013398
Langon,-0.241237614388122,44.537288291478880
Lannemezan,0.393446517099246,43.117101023865878
Lannion,-3.462151966825693,48.743491311622712
Lans-en-Vercors,5.590270035848804,45.120878536376402
Laon,3.621171010272166,49.567959670284090
Laplume,0.538233942878610,44.117224978671366
Laruns,-0.419596854508307,42.892182314676653
Lausanne,6.631425000000000,46.512574000000001
Laval,-0.765748758771292,48.061079255221067
Lavaur,1.024311225710419,44.625170076343331
Lavelanet,1.846052253977808,42.933724035276846
Le Blanc,1.100036952596348,46.634819567814688
Le Bourg d'Oisans,6.029935000000000,45.054237999999998
Le Creusot,4.426770538042310,46.806692572920106
Le Grand-Bornand,6.476342549217608,45.956195959671341
Le Havre,0.138943867918769,49.495246412328363
Le Lioran,2.747616000000000,45.083345000000001
Le Mans,0.200094053272608,47.988614683018689
Le Perreux,2.506894000000000,48.841129000000002
Le Pleynet,6.053849000000000,45.271360000000001
Le Puy en Velay,3.889867000000000,45.044798000000000
Le Teil,4.664406880508228,44.543064266982874
Le Touquet-Paris-Plage,1.598830239557056,50.508753757053640
Le Tréport,1.372309141236089,50.052825847095221
Leeds,-1.545735000000000,53.791983000000002
Leiden,4.480816000000000,52.167028999999999
Les Arcs,6.828723000000000,45.572814000000001
Les Deux Alpes,6.123270129266564,44.995171113528443
Les Echelles,5.752711000000000,45.436718999999997
Les Essarts,0.712805859589062,47.732028300160586
Les Menuires,6.538755000000000,45.323281000000001
Les Orres,6.579416670567518,44.485121785543171
Les Sables,-1.773871000000000,46.501089000000000
Lézat-sur-Leze,1.347022000000000,43.278557999999997
Lézignan-Corbières,2.762026151475822,43.204049129714285
Libourne,-0.234710863517944,44.912926919360807
Liège,5.567685000000000,50.642454999999998
Liévin,2.772845099489853,50.424290102521482
Lille,3.047001403367828,50.631844226247857
Limoges,1.248845812616473,45.854425176162223
Limoux,2.239139910374317,43.049948407299951
Lisieux,0.238166123418292,49.147034055456906
Livarot,0.152694000000000,49.005859000000001
Lodève,3.305886972013257,43.730657998230491
Londres,-0.123744000000000,51.486713000000002
Longjumeau,2.302926569186120,48.689821503405270
Longwy,5.766243466480806,49.521538966152178
Lons-le-Saunier,5.557587563354400,46.674779339421278
Lorient,-3.378153002916183,47.751005665521767
Loudenvielle,0.431454242065867,42.731892641498021
Loudun,0.099282295084800,47.010061997645963
Lourdes,-0.076954664596188,43.107610024091358
Louvain,4.699512000000000,50.876254000000003
Louvroil,3.954120399487082,50.258415782017941
Luchon,0.594647000000000,42.790819999999997
Luçon,-1.164244189882919,46.451086634223593
Lugny,4.819083627937304,46.480904932428281
Lunéville,6.498879768429658,48.591813890736319
Lure,6.496584729822724,47.685453286540245
Luxembourg,6.124021000000000,49.611598000000001
Luz Ardiden,-0.046020000000000,42.723795000000003
Luz-Saint-Sauveur,0.017703316379842,42.832267732466541
Lyon,4.836349869198380,45.754930408642082
Maastricht,5.702993000000000,50.856273000000002
Machecoul,-1.815182183650255,46.99404055282083
Mâcon,4.818555507175440,46.321144128201695
Malaucène,5.149814128324632,44.188572916681387
Manosque,5.791001335363498,43.835197060962102
Mantes-la-Jolie,1.694020119633366,48.998419897779065
Marche en Famenne,5.341016966349774,50.22704422972441
Marcoussis,2.206051465707975,48.646345022681835
Marennes,4.907258998212214,45.623006620532855
Marseille,5.419087615426764,43.292399762703091
Martigny,4.133944082708853,49.866325744449739
Martigues,5.049977071797752,43.381007891754827
Maubeuge,3.963219345392431,50.284261411993327
Maubourguet Pays du Val d'Adour,0.035862543652789604,43.46820577012114
Mayenne,-0.614725013106557,48.307308166411069
Mazamet,2.388877304662137,43.457805741624377
Mazé-Montgeoffroy,-0.27203870726362045,47.45696390377161
Meaux,2.900116705927588,48.956860784907320
Megève,6.623689969311142,45.840246737794338
Melun,2.657936260358984,48.544304918972969
Mende,3.481237316421267,44.529296877736613
Menton,7.493539095857056,43.791757965878880
Méribel,6.579745828008476,45.37364665536792
Merlin-Plage,-2.048683068558253,46.802172121095388
Metz,6.196005481215676,49.108211734256265
Meyrignac l'Eglise,1.8526200845179757,45.40104475644457
Millau,3.117376016500160,44.097408957698370
Miramas,5.013948971154472,43.584189368929863
Modane Valfréjus,6.67126713208018,45.20292041967484
Mohlin,7.840830861907351,47.56169351047754
Moirans-en-Montagne,5.738281033184480,46.439065503102583
Molenbeek,4.338811773570554,50.85493143382734
Monaco,7.419700811182402,43.7323244597277
Mondorf-les-Bains,6.280624876863757,49.50786201312905
Monetier les Bains,6.505622954355269,44.97694932743297
Mons,3.422376933602431,46.000544113780307
Mont Aigoual,3.581366124519381,44.12155352685442
Mont de Marsan,-0.497291621951936,43.88743922783356
Mont des Alouettes,-1.0075973161884377,46.89422855880862
Mont Revard,5.9755326268632345,45.68209543365702
Mont Ventoux,5.278599228471846,44.17378356862791
Mont-Saint-Michel,-1.5111440329632269,48.63607554741192
Montaigu,3.844329480311133,49.553171308058779
Montargis,2.737280219604873,47.999104193621370
Montauban,1.364103645552292,44.022278775514224
Montbéliard,6.791895240284386,47.515619229163910
Montceau-les-Mines,4.353883066085406,46.675839754629159
Montélimar,4.748369451631172,44.553755768642077
Montereau,2.562066695412169,47.835325713057649
Montereau-Fault-Yonne,2.961736784862481,48.389905039147990
Montgenèvre,6.727997802027460,44.939385648932962
Montgeron,2.461940090650746,48.695306709599734
Montlhéry,2.268322897978220,48.642082333968283
Montluçon,2.603724290075556,46.339075788221841
Montpellier,3.869239375418624,43.613350605002530
Montpon-Monesterol,0.16188532907621112,45.008815560504374
Montreuil,1.771850023673599,50.465515124027483
Morcenx,-0.9113962745097428,44.0349667975891
Morlaix,-3.820157333675851,48.599995456058210
Morzine,6.742408948813790,46.173164619504917
Mouilleron-Saint-Germain,-0.842041575700065,46.669120321626629
Mourenx,-0.617094530968044,43.374004389560433
Mouscron,3.2122402371437992,50.742837817894134
Moûtiers,6.536696362600292,45.486077486033444
Mulhouse,7.325430564039494,47.748994615796654
Mûr-de-Bretagne Guerlédan,-2.987439079304788,48.20123062211172
Muret,1.308795486498716,43.448885975174427
Namur,4.864882623463248,50.46909633481756
Nancy,6.175283689676490,48.690077462569739
Nanterre,2.207056472220328,48.896167097068499
Nantes,-1.548182418851069,47.232007806068935
Nantua,5.613218783665082,46.154307606706695
Narbonne,3.020195523801715,43.165254735951727
Nay,-1.372433282536002,49.241735189169560
Nemours,2.710811420278277,48.259931063799165
Neuchâtel,6.9313806168984735,46.99367298298816
Neufchatel-en-Bray,1.440612047076776,49.73349718361171
Neuville-de-Poitou,0.254678481292157,46.682400389379637
Nevers,3.156928168533925,46.987986050236110
Nice,7.237896248539280,43.712208255558515
Nîmes,4.347603039487092,43.844622870092586
Niort,-0.465254716049110,46.328503365799541
Nogent-sur-Marne,2.481688810914279,48.836652770342170
Nogent-sur-Oise,2.464629870199740,49.276081608104803
Noirmoutier-en-l'Île,-2.262636951269401,47.008915212414323
Noisy-le-Sec,2.458428036105768,48.891606319314221
Nuits-Saint-Georges,4.938559096789734,47.146595541431267
Nyborg,10.793785835121803,55.31563647188755
Obernai,7.480159519567556,48.459486627049074
Olonne-sur-Mer,-1.7712633095359933,46.53598537807436
Oloron,-0.6170824795702681,43.191316675067306
Orange,4.810279152771592,44.128952458969671
Orchies,3.239024915918325,50.468753253006469
Orcières-Merlette,6.3241730786929065,44.696663161809845
Orléans,1.916606086585050,47.882254574280353
Orthez,-0.780159267298053,43.494297833602722
Oyonnax,5.652542938385844,46.261211929981599
Palaiseau,2.228657834420825,48.714793116258299
Pamiers,1.615604814028131,43.123498083569707
Pampelune,-1.6425473582857026,42.81939337028472
Pantin,2.409118158401218,48.898551825028520
Paris,2.342876430194028,48.856622195538449
Pas de la Case,1.7334894869087099,42.54463253842213
Passage du Gois,-2.1234714821166647,46.930519692291924
Pau,-0.350130337839516,43.320047521550130
Pauillac,-0.767120727440734,45.198230767536018
Périgueux,0.711938666290128,45.191892605647531
Péronne,4.801171010828552,46.441450469510627
Perpignan,2.898966727373378,42.696487003703659
Perros-Guirec,-3.467040125805090,48.811965653845782
Peyragudes,0.44586663404850985,42.790365096901574
Peyrehorade,-1.107108744594009,43.558659464726013
Pforzheim,8.700506769036231,48.891816257608404
Piau-Engaly,0.1586882806110266,42.78452700839993
Pinerolo,7.3330967066537145,44.88637787109506
Plateau de Beille,1.690630503861008,42.725671199517436
Plouay,-3.337273254298968,47.927009464144206
Plumelec,-2.623506623714165,47.825777439635431
Plymouth,-4.14643864898614,50.38158292483766
Poitiers,0.359471043492051,46.583625009522983
Pont du Gard,4.535123291192436,43.94747655462705
Pont l'Evêque,0.19427282004955698,49.291412565229066
Pont-Audemer,0.521043296688585,49.345771305753090
Pontarlier,6.389308395236316,46.911990277631951
Pontchateau,-2.0904121476252753,47.43967282738961
Pontivy,-2.970502359661959,48.073141911889216
Pontoise,2.094588811489215,49.051566569652273
Pornic,-2.052007517722591,47.122381845090899
Pornichet,-2.315236215048960,47.261373885167266
Porrentruy,7.076313480653311,47.41557912881144
Port Barcarès,3.0393216158097154,42.83221631467216
Porto Vecchio,9.279496879483911,41.59324419932557
Portsmouth,-1.0757894332700157,50.80954724583231
Pouilly-en-Auxois,4.556495031440114,47.262887769665937
Pra Loup,6.603613648163935,44.37096964117403
Prapoutel,5.995062422922266,45.25696907235045
Prat d'Albis,1.5812821795447003,42.921571502572135
Prato Nevoso,7.785224227280189,44.25562105923104
Privas,4.594095763433298,44.722522356625667
Puy de Dôme,2.9613414336807597,45.77102203172637
Puy Mary Cantal,2.676109109743826,45.109186665398354
Puy-du-Fou,-0.9315052460153654,46.88952565418209
Pyrénées 2000,2.059403094214168,42.52147710406731
Quillan,2.173135687223073,42.884939030668654
Quimper,-4.091070601925418,47.997017081438401
Rambouillet,1.826552355345495,48.653545406861198
Redon,-2.080270485603915,47.661238820091278
Regnier-Durette,4.63983821193602,46.13900694347208
Reims,4.043040326917024,49.250756303024843
Renazé,-1.040008178583677,47.784616801885576
Rennes,-1.681854675069339,48.111677216459469
Revel,5.910043312219416,45.168301183566520
Risoul,6.622389176637608,44.623993514479594
Roanne,4.080176689258716,46.045419813311234
Rocamadour,1.621905253862953,44.814958219704401
Rochefort,-0.968698,45.943058
Rodez,2.566885952181418,44.358691378902201
Romans-sur-Isère,5.038250394711872,45.054903850291709
Roquefort,0.588277865544805,43.757163951624030
Roscoff,-3.988802678916215,48.711919450030834
Roskilde,12.086459097876283,55.641746998844674
Rotterdam,4.466919590601937,51.926869350376904
Roubaix,3.181924744345783,50.688385602037918
Rouen,1.093483744737535,49.441493594093153
Royan,-1.017720986476339,45.634273356596523
Ruelle,0.21845918669919587,45.67705660727146
Ruffec,0.199505775602452,46.039870177063968
Rungis,2.352565156790708,48.749691281695569
's-Hertogenbosch,5.30269292705003,51.69353114645453
Sablé,-0.3370859016704998,47.840578071519545
Saint Gaudens,0.7250755333409139,43.10829766655287
Saint Julien en Genevois,6.080456050767597,46.14521570425955
Saint Nazaire,-2.2133363444096545,47.280306911505605
Saint Orens de G.,1.5322144357095535,43.55458709867767
Saint-Amand-les-Eaux,3.443985923291971,50.440387126299527
Saint-Amand-Montrond,2.519892103764746,46.726235397710504
Saint-Brieuc,-2.763299425102461,48.514905185773095
Saint-Denis,2.3568142900697,48.93644817799909
Saint-Dié-des-Vosges,6.938016002664030,48.296756611425522
Saint-Dier-d'Auvergne,3.482095248441008,45.670538283466712
Saint-Dizier,4.949493190272954,48.628152872902874
Saint-Emilion,-0.15508580933388016,44.89280671855204
Saint-Etienne,4.389912423223252,45.43991901241937
Saint-Fargeau,3.084734495267466,47.642438451646257
Saint-Flour,3.083018697619593,45.028637917245838
Saint-Galmier,4.315477733382333,45.603702812035053
Saint-Gaudens,0.726673509273163,43.119701527269861
Saint-Germain-en-Laye,2.096218964835511,48.937291497987587
Saint-Gervais,5.497450036814352,45.190523981970166
Saint-Gildas-des-Bois,-2.059184652307897,47.508904144046426
Saint-Gilles-Croix-de-Vie,-1.919155058345984,46.690647185408707
Saint-Girons,1.153928511212406,42.975965236944781
Saint-Grégoire,2.260776035608624,43.955382723832344
Saint-Herblain,-1.634112887310204,47.224890333686098
Saint-Hilaire du Harcouët,-1.089179969595184,48.577659911868544
Saint-Jean-de-Maurienne,6.345828848249412,45.271828816887215
Saint-Jean-de-Monts,-2.048683068558253,46.802172121095388
Saint-Lary-Soulan Col du Portet,0.23655262765067622,42.83311982836873
Saint-Léonard-de-Noblat,1.495716156334061,45.841028529833174
Saint-Lô,-1.077409327266503,49.109846056113255
Saint-Maixent-L'Ecole,-0.20762860584857942,46.41406894656689
Saint-Malo,-1.981890102218700,48.640968733616731
Saint-Martin-de-Landelles,-1.1724885658327768,48.545758928270374
Saint-Meen-le-Grand,-2.192949368689668,48.18861618088474
Saint-Nicolas,2.784986249558621,50.308316584346173
Saint-Omer,-0.443344964508999,48.928365648168210
Saint-Paul-Trois-Châteaux,4.757686492024738,44.348377771676326
Saint-Pée-sur-Nivelle,-1.555568149810887,43.356212793396139
Saint-Pol de Léon,-3.986354555548498,48.68476103545211
Saint-Pourçain-sur-Sioule,3.305845130581830,46.304641742303993
Saint-Priest,4.535471306478610,44.713190378210825
Saint-Quentin,3.277694206288256,49.847358860444018
Saint-Raphaël,6.847410008455688,43.457575191121528
Saint-Sébastien,1.530293253895252,46.393778838787185
Saint-Trivier,4.897131112329445,46.074301462579015
Saint-Vincent d'Aoste,7.647380470991658,45.751816573917395
Saint-Willebrord,4.590816802136615,51.55061381325382
Sainte Geneviève des Bois,2.3267504803604098,48.64129970993997
Sainte-Foy-la-Grande,0.217771451482327,44.840937292198056
Saintes,-0.649821107125262,45.742122435719978
Salies-de-Béarn,-0.917686366097994,43.468275707060528
Sallanches,6.607459781601462,45.947313960496658
Salon-de-Provence,5.067748702993232,43.646263972527407
Samatan,0.933838401087139,43.494107929245779
San Remo,7.773872388527041,43.822559994306246
Santenay,4.693357195558114,46.917072493375869
Sarran,1.931151026076948,45.412079942540331
Sarrebourg,7.047049625564346,48.738322617230061
Sarrebruck,6.989900504022022,49.23622872867782
Sarrelouis,6.748685514025975,49.31647927855743
Sarzeau,-2.751988197176636,47.524125316008416
Saumur,-0.083052383721047,47.267504821218381
Sauternes,-0.341376203787709,44.530843685427051
Savines,6.404238292429616,44.52642033103889
Sceaux,2.296460489819146,48.776475559877923
Scheveningen,4.275513689012697,52.107687924802526
Sedan,4.929558266336718,49.696826250444325
Seignosse,-1.398426912565472,43.702499334800102
Semur en Auxois,4.334404248422027,47.49114994108252
Senlis,2.585712625177685,49.211905654658480
Sens,3.297651788346453,48.195597586879387
Seo de Urgel,1.45567060868816,42.35724611443206
Seraing,5.508972054107747,50.615639306313696
Serre-Chevalier,6.589273264106379,44.93402084333142
Sestrières,6.880992353045128,44.959597231052854
Sète,3.648950986050201,43.392321442795897
Seurre,5.151861171222824,47.007476323313426
Sèvres - Grand Paris Seine Ouest,2.2129309215964295,48.82478249141981
Sheffield,-1.4726636162917202,53.39072370812565
Sisteron,5.930683873520908,44.200852447201001
Soissons,3.324625384722283,49.379429181534711
Sønderborg,9.80022194000461,54.91270411369428
Sorgues,4.866912095368890,44.014962061601047
Spa,5.862199575474419,50.48965706317122
St Valery-en-Caux,0.7096694664616222,49.866000942282476
Station des Rousses,6.059628901708221,46.48528435947965
Strasbourg,7.767743025832650,48.571237835890315
Stuttgart,9.176982825437406,48.780023812907274
Super-Lioran,2.7495253893536775,45.08340177451602
Superbagnères,0.5771309572638295,42.768321679404096
Tallard,6.044646415953904,44.459031823392642
Tarascon-sur-Ariège,1.595735902722147,42.846782064321637
Tarbes,0.066155398286431,43.234665623292621
Thionville,6.128954707076540,49.375935943652919
Thonon,6.4791140941648475,46.37255365055518
Thuir,2.758597989965900,42.643305535617010
Tignes,6.936135752423448,45.481583099228573
Tomblaine,6.221194319205856,48.685830546529267
Tonnerre,3.977520357195741,47.841283721284533
Toulon,5.932635213837066,43.136479758224858
Toulouse,1.432101611424766,43.596012824333386
Tournai,3.3886339111574584,50.61119123888374
Tournus,4.899410683623468,46.565325992996755
Tours,0.696130609844699,47.398404829577238
Transfert,1.0,1.0
Trelissac,0.7835490864287097,45.198449185226735
Trets,5.700144366679198,43.437824886024153
Trie-sur-Baïse,0.365991007996402,43.317983827438667
Trouville,0.600305229383914,49.584714563176064
Troyes,4.078442070877289,48.296750609779593
Tulle,1.763078668546503,45.273105583929080
Turin,7.677126921928544,45.07130859119118
Utah Beach Sainte-Marie-du-Mont,-1.1755466121907603,49.415031772549106
Utrecht,5.12148051332077,52.09383404811989
Vaison-la-Romaine,5.060201302343574,44.247885388889486
Val d'Aran,0.7946229209675202,42.70285168692138
Val d'Isère,6.977411,45.449556
Val Louron,0.388561,42.791588
Val Thorens,6.570631,45.300157
Valence,4.913571157320272,44.922535433227409
Valence d'Agen,0.890522,44.112457
Valenciennes,3.516206197501028,50.359123696197429
Valkenburg,5.830582,50.866159
Valloire,6.423579181443048,45.123298009022619
Valréas,4.993556986722504,44.376910583753890
Vals-les-Bains,4.343424347434717,44.666948534132935
Vannes,-2.756703808168837,47.660114807039918
Vatan,1.825314207538856,47.053637930839933
Vejle,9.535765,55.702170
Verbier,7.227660,46.098356
Verdun,5.362777253388726,49.145653886099922
Versailles,2.117422917658491,48.802319053133246
Verviers,5.865144,50.592229
Vesoul,6.154896142932226,47.631881418012078
Veurey,5.613249,45.273093
Vichy,3.424430987023422,46.129920676398768
Vierzon,2.078726252350412,47.236904681876361
Villard-de-Lans,5.544109846125128,45.060233517298734
Villars-les-Dombes,5.045005507068014,45.992676758103599
Ville d'Avray,2.188762,48.827778
Villefranche-sur-Saône,4.730982847599622,45.987207537618815
Villeneuve sur Lot,0.702629,44.410708
Villers Cotterets,3.093023,49.255862
Villeurbanne,4.888991274310090,45.771053530471043
Villié-Morgon,4.671601733719474,46.159417773509283
Vire,-0.885358,48.844785
Viry-Chatillon,2.374003,48.671430
Visé,5.692977,50.736692
Vitoria,-2.677787,42.858927
Vitré,-1.193420917817272,48.114107606811970
Vittel,5.954284781945236,48.200918976091437
Vizille,5.779561088475068,45.074545201965705
Voiron,5.582474658520176,45.379051547111096
Voreppe,5.642629431971344,45.289999427038701
Vouvray,0.803791951289759,47.426434120771624
Wanze,5.214606,50.537005
Waregem,3.431320,50.888103
Wasquehal,3.127928628519589,50.675123755580351
Waterloo,4.397389,50.716211
Wiesbaden,8.285801,50.013283
Woluwé-Saint-Pierre,4.413664,50.801060
York,-1.079925,53.962772
Ypres,2.883095,50.850433
Zélande,3.609429,51.498501
Zolder,5.256665,50.990598
Zurich,8.533124,47.378859
